source,bloch_distance,bootstrap_std,q025,q975
ideal,0.7071067811865475,,,
hardware,0.6718728488337655,0.008285695891549958,0.6555193503997498,0.6886452392064113
